{
  "predicted_action": "none",
  "probs": {
    "sleep": 0.2649169000871908,
    "meal": 0.24091791546403754,
    "toilet": 0.25601781114263183,
    "out": 0.23814737330613983
  }
}